-- Users
INSERT INTO users (username, email, password, role) VALUES
('pat123', 'pat@email.com', 'password123', 'Admin'),
('jane456', 'jane@email.com', 'password456', 'Staff'),
('mike789', 'mike@email.com', 'password789', 'Staff'),
('lisa321', 'lisa@email.com', 'password321', 'Staff'),
('ron007', 'ron@email.com', 'password007', 'Admin'),
('anna555', 'anna@email.com', 'password555', 'Staff'),
('tina999', 'tina@email.com', 'password999', 'Staff'),
('john111', 'john@email.com', 'password111', 'Admin'),
('karen222', 'karen@email.com', 'password222', 'Staff'),
('alex333', 'alex@email.com', 'password333', 'Staff'),
('paul444', 'paul@email.com', 'password444', 'Staff'),
('dina666', 'dina@email.com', 'password666', 'Staff'),
('sam777', 'sam@email.com', 'password777', 'Staff'),
('luke888', 'luke@email.com', 'password888', 'Admin'),
('nina123', 'nina@email.com', 'password123', 'Staff'),
('maria234', 'maria@email.com', 'password234', 'Staff'),
('leo345', 'leo@email.com', 'password345', 'Staff'),
('ivy456', 'ivy@email.com', 'password456', 'Staff'),
('max567', 'max@email.com', 'password567', 'Staff'),
('sara678', 'sara@email.com', 'password678', 'Staff');

-- Beneficiaries
INSERT INTO beneficiaries (name, address, contact, income_level) VALUES
('Patrick Lana', 'Brgy 1', '0912345678', 'Low'),
('Maria Cruz', 'Brgy 2', '0912345679', 'Medium'),
('John Doe', 'Brgy 3', '0912345680', 'Low'),
('Jane Smith', 'Brgy 4', '0912345681', 'Medium'),
('Carlos Reyes', 'Brgy 5', '0912345682', 'Low'),
('Anna Lopez', 'Brgy 6', '0912345683', 'High'),
('Luis Garcia', 'Brgy 7', '0912345684', 'Medium'),
('Mia Santos', 'Brgy 8', '0912345685', 'Low'),
('Mark Tan', 'Brgy 9', '0912345686', 'Medium'),
('Ella Lim', 'Brgy 10', '0912345687', 'High'),
('Tom Cruz', 'Brgy 11', '0912345688', 'Low'),
('Lily Ong', 'Brgy 12', '0912345689', 'Medium'),
('Pauline Chan', 'Brgy 13', '0912345690', 'Low'),
('Kevin Yu', 'Brgy 14', '0912345691', 'Medium'),
('Sophia Reyes', 'Brgy 15', '0912345692', 'High'),
('James Tan', 'Brgy 16', '0912345693', 'Low'),
('Nicole Lim', 'Brgy 17', '0912345694', 'Medium'),
('Daniel Cruz', 'Brgy 18', '0912345695', 'Low'),
('Clara Santos', 'Brgy 19', '0912345696', 'Medium'),
('Henry Lee', 'Brgy 20', '0912345697', 'Low');

-- Aid Requests 
INSERT INTO aid_requests (beneficiary_id, request_type, quantity, status) VALUES
(1, 'Cash Aid', 1, 'Approved'),
(2, 'Food Aid', 2, 'Pending'),
(3, 'Livelihood Aid', 1, 'Approved'),
(4, 'Medical Aid', 1, 'Pending'),
(5, 'Cash Aid', 2, 'Approved'),
(6, 'Food Aid', 3, 'Pending'),
(7, 'Livelihood Aid', 1, 'Approved'),
(8, 'Medical Aid', 2, 'Pending'),
(9, 'Cash Aid', 1, 'Approved'),
(10, 'Food Aid', 2, 'Approved'),
(11, 'Livelihood Aid', 1, 'Pending'),
(12, 'Medical Aid', 1, 'Approved'),
(13, 'Cash Aid', 2, 'Pending'),
(14, 'Food Aid', 3, 'Approved'),
(15, 'Livelihood Aid', 1, 'Pending'),
(16, 'Medical Aid', 2, 'Approved'),
(17, 'Cash Aid', 1, 'Approved'),
(18, 'Food Aid', 2, 'Pending'),
(19, 'Livelihood Aid', 3, 'Approved'),
(20, 'Medical Aid', 1, 'Pending');

-- Trainings
INSERT INTO trainings (title, description, training_date, location) VALUES
('Sewing', 'Sewing skills training', '2025-02-01', 'Barangay Hall'),
('Cooking', 'Culinary skills training', '2025-02-03', 'Barangay Hall'),
('Carpentry', 'Basic carpentry skills', '2025-02-05', 'Community Center'),
('Electrical', 'Electrical safety and wiring', '2025-02-07', 'Community Center'),
('Plumbing', 'Plumbing basics', '2025-02-09', 'Barangay Hall'),
('Gardening', 'Urban gardening techniques', '2025-02-11', 'Community Garden'),
('Computer Skills', 'Basic computer literacy', '2025-02-13', 'Barangay Hall'),
('Financial Literacy', 'Managing household finances', '2025-02-15', 'Barangay Hall'),
('Painting', 'Arts and crafts painting', '2025-02-17', 'Community Center'),
('Knitting', 'Knitting and crochet', '2025-02-19', 'Barangay Hall'),
('Masonry', 'Bricklaying techniques', '2025-02-21', 'Community Center'),
('Welding', 'Basic welding skills', '2025-02-23', 'Barangay Hall'),
('Hairdressing', 'Hair cutting and styling', '2025-02-25', 'Community Center'),
('Photography', 'Basic photography skills', '2025-02-27', 'Barangay Hall'),
('First Aid', 'Emergency response training', '2025-03-01', 'Community Center'),
('Public Speaking', 'Communication and presentation', '2025-03-03', 'Barangay Hall'),
('Childcare', 'Basic childcare skills', '2025-03-05', 'Community Center'),
('Event Planning', 'Organizing events and activities', '2025-03-07', 'Barangay Hall'),
('Cooking Advanced', 'Advanced culinary skills', '2025-03-09', 'Community Center'),
('Sewing Advanced', 'Advanced sewing techniques', '2025-03-11', 'Barangay Hall');

-- Program Enrollments 
INSERT INTO program_enrollments (beneficiary_id, training_id, status) VALUES
(1, 1, 'Enrolled'),
(1, 2, 'Completed'),
(2, 3, 'Enrolled'),
(3, 4, 'Completed'),
(4, 5, 'Dropped'),
(5, 6, 'Enrolled'),
(6, 7, 'Completed'),
(7, 8, 'Enrolled'),
(8, 9, 'Dropped'),
(9, 10, 'Completed'),
(10, 11, 'Enrolled'),
(11, 12, 'Completed'),
(12, 13, 'Dropped'),
(13, 14, 'Enrolled'),
(14, 15, 'Completed'),
(15, 16, 'Enrolled'),
(16, 17, 'Dropped'),
(17, 18, 'Enrolled'),
(18, 19, 'Completed'),
(19, 20, 'Enrolled');

-- Feedback 
INSERT INTO feedback (beneficiary_id, user_id, message, rating) VALUES
(1, 'pat123', 'Very helpful program!', 5),
(2, 'jane456', 'Learned new skills.', 4),
(3, 'mike789', 'Great experience.', 5),
(4, 'lisa321', 'Could use more sessions.', 3),
(5, 'ron007', 'Very practical training.', 5),
(6, 'anna555', 'Helpful instructors.', 4),
(7, 'tina999', 'I enjoyed the program.', 5),
(8, 'john111', 'Good organization.', 4),
(9, 'karen222', 'Highly recommend it.', 5),
(10, 'alex333', 'Useful skills gained.', 4),
(11, 'paul444', 'Well structured.', 5),
(12, 'dina666', 'Good initiative.', 4),
(13, 'sam777', 'Valuable training.', 5),
(14, 'luke888', 'Practical and engaging.', 4),
(15, 'nina123', 'I appreciate the support.', 5),
(16, 'maria234', 'Nice learning experience.', 4),
(17, 'leo345', 'Excellent program.', 5),
(18, 'ivy456', 'Learned a lot.', 4),
(19, 'max567', 'Very informative.', 5),
(20, 'sara678', 'Thank you for your help!', 4);
