INSERT INTO users (username, password, full_name, contact, address, role) VALUES
('admin01','pass123','Patrick Jerald O. Lana','09123456701','Brgy 1','Admin'),
('admin02','pass123','Kieth Arthur S. Espiritu','09123456702','Brgy 2','Admin'),
('admin03','pass123','Medwin Adam S. Villapando','09123456703','Brgy 3','Admin'),
('staff01','pass123','Khristel Mae D. Mission','09123456704','Brgy 4','Staff'),
('staff02','pass123','Anna Reyes','09123456705','Brgy 5','Staff'),
('staff03','pass123','Juan Dela Cruz','09123456706','Brgy 6','Staff'),
('staff04','pass123','Maria Santos','09123456707','Brgy 7','Staff'),
('user01','pass123','Carlos Robles','09123456708','Brgy 8','Resident'),
('user02','pass123','Luis Ramos','09123456709','Brgy 9','Resident'),
('user03','pass123','Mark Gomez','09123456710','Brgy 10','Resident'),
('user04','pass123','Angela Cruz','09123456711','Brgy 11','Resident'),
('user05','pass123','Jessa Aquino','09123456712','Brgy 12','Resident'),
('user06','pass123','Paolo Reyes','09123456713','Brgy 13','Resident'),
('user07','pass123','Nicole Perez','09123456714','Brgy 14','Resident'),
('user08','pass123','Brian Lopez','09123456715','Brgy 15','Resident'),
('user09','pass123','Ella Bautista','09123456716','Brgy 16','Resident'),
('user10','pass123','Kevin Torres','09123456717','Brgy 17','Resident'),
('user11','pass123','Rose Castillo','09123456718','Brgy 18','Resident'),
('user12','pass123','Daniel Flores','09123456719','Brgy 19','Resident'),
('user13','pass123','Joy Mendoza','09123456720','Brgy 20','Resident');

INSERT INTO beneficiaries (full_name, age, gender, contact, address, income_level) VALUES
('Patrick Lana',19,'Male','09111111101','Brgy 1','Low'),
('Maria Santos',34,'Female','09111111102','Brgy 2','Low'),
('Juan Dela Cruz',28,'Male','09111111103','Brgy 3','Low'),
('Anna Reyes',26,'Female','09111111104','Brgy 4','Middle'),
('Carlos Robles',45,'Male','09111111105','Brgy 5','Low'),
('Luis Ramos',22,'Male','09111111106','Brgy 6','Low'),
('Nicole Perez',31,'Female','09111111107','Brgy 7','Middle'),
('Brian Lopez',40,'Male','09111111108','Brgy 8','Low'),
('Ella Bautista',29,'Female','09111111109','Brgy 9','Low'),
('Kevin Torres',35,'Male','09111111110','Brgy 10','Middle'),
('Rose Castillo',41,'Female','09111111111','Brgy 11','Low'),
('Daniel Flores',27,'Male','09111111112','Brgy 12','Low'),
('Joy Mendoza',33,'Female','09111111113','Brgy 13','Middle'),
('Mark Gomez',38,'Male','09111111114','Brgy 14','Low'),
('Angela Cruz',24,'Female','09111111115','Brgy 15','Low'),
('Paolo Reyes',36,'Male','09111111116','Brgy 16','Middle'),
('Jessa Aquino',21,'Female','09111111117','Brgy 17','Low'),
('Ryan Lim',42,'Male','09111111118','Brgy 18','Low'),
('Trisha Ong',30,'Female','09111111119','Brgy 19','Middle'),
('Noel Rivera',50,'Male','09111111120','Brgy 20','Low');

INSERT INTO aid_requests (beneficiary_id, aid_type, reason, status) VALUES
(1,'Cash Aid','Medical expenses','Approved'),
(2,'Food Assistance','No income','Pending'),
(3,'Livelihood Aid','Small business','Approved'),
(4,'Cash Aid','Hospital bills','Rejected'),
(5,'Food Assistance','Daily needs','Approved'),
(6,'Livelihood Aid','Sewing capital','Pending'),
(7,'Cash Aid','Emergency','Approved'),
(8,'Food Assistance','Unemployed','Pending'),
(9,'Cash Aid','Medical','Approved'),
(10,'Livelihood Aid','Startup','Pending'),
(11,'Food Assistance','Low income','Approved'),
(12,'Cash Aid','Medical','Rejected'),
(13,'Livelihood Aid','Farming tools','Approved'),
(14,'Food Assistance','No work','Pending'),
(15,'Cash Aid','Accident','Approved'),
(16,'Livelihood Aid','Retail capital','Pending'),
(17,'Food Assistance','Financial difficulty','Approved'),
(18,'Cash Aid','Health','Pending'),
(19,'Livelihood Aid','Bakery','Approved'),
(20,'Food Assistance','Low income','Pending');

INSERT INTO trainings (program_name, category, schedule, description) VALUES
('Sewing Training','Livelihood','2025-01-10','Basic sewing skills'),
('Cooking Workshop','Livelihood','2025-01-15','Culinary training'),
('Financial Literacy','Education','2025-01-20','Budgeting skills'),
('Urban Gardening','Agriculture','2025-01-25','Planting techniques'),
('Basic Computer','Education','2025-02-01','Computer basics'),
('Bread and Pastry','Livelihood','2025-02-05','Baking skills'),
('Entrepreneurship','Business','2025-02-10','Business startup'),
('Handicraft Making','Livelihood','2025-02-15','Craft skills'),
('Organic Farming','Agriculture','2025-02-20','Organic methods'),
('Marketing Basics','Business','2025-02-25','Sales strategies'),
('Dressmaking','Livelihood','2025-03-01','Clothing design'),
('Food Preservation','Livelihood','2025-03-05','Food storage'),
('Digital Literacy','Education','2025-03-10','Online skills'),
('Composting','Agriculture','2025-03-15','Waste recycling'),
('Soap Making','Livelihood','2025-03-20','Soap production'),
('Fish Processing','Livelihood','2025-03-25','Fish handling'),
('Home Gardening','Agriculture','2025-04-01','Backyard planting'),
('Small Retail','Business','2025-04-05','Retail management'),
('Budget Cooking','Livelihood','2025-04-10','Low-cost meals'),
('E-commerce Basics','Business','2025-04-15','Online selling');

INSERT INTO program_enrollments (training_id, beneficiary_id, status) VALUES
(1,1,'Enrolled'),
(2,2,'Completed'),
(3,3,'Enrolled'),
(4,4,'Dropped'),
(5,5,'Completed'),
(6,6,'Enrolled'),
(7,7,'Completed'),
(8,8,'Enrolled'),
(9,9,'Completed'),
(10,10,'Enrolled'),
(11,11,'Completed'),
(12,12,'Enrolled'),
(13,13,'Completed'),
(14,14,'Enrolled'),
(15,15,'Completed'),
(16,16,'Enrolled'),
(17,17,'Completed'),
(18,18,'Enrolled'),
(19,19,'Completed'),
(20,20,'Enrolled');

INSERT INTO feedback (beneficiary_id, name, email, message, type, rating, comments) VALUES
(1,'Patrick Lana','pat@gmail.com','Very helpful','Praise',5,'Thank you'),
(2,'Maria Santos','maria@gmail.com','Slow process','Complaint',2,'Needs improvement'),
(3,'Juan Dela Cruz','juan@gmail.com','Good service','Praise',5,'Satisfied'),
(4,'Anna Reyes','anna@gmail.com','More training please','Suggestion',4,'Add schedules'),
(5,'Carlos Robles','carlos@gmail.com','Approved fast','Praise',5,'Great'),
(6,'Luis Ramos','luis@gmail.com','Waiting long','Complaint',2,'Improve speed'),
(7,'Nicole Perez','nicole@gmail.com','Helpful staff','Praise',5,'Very kind'),
(8,'Brian Lopez','brian@gmail.com','More aid types','Suggestion',4,'Expand options'),
(9,'Ella Bautista','ella@gmail.com','Clear process','Praise',5,'Well done'),
(10,'Kevin Torres','kevin@gmail.com','Confusing steps','Complaint',3,'Needs clarity'),
(11,'Rose Castillo','rose@gmail.com','Great training','Praise',5,'Useful'),
(12,'Daniel Flores','daniel@gmail.com','Delayed','Complaint',2,'Fix delays'),
(13,'Joy Mendoza','joy@gmail.com','Good support','Praise',5,'Thank you'),
(14,'Mark Gomez','mark@gmail.com','More info','Inquiry',3,'Clarify'),
(15,'Angela Cruz','angela@gmail.com','Satisfied','Praise',5,'Happy'),
(16,'Paolo Reyes','paolo@gmail.com','Needs update','Suggestion',4,'Improve UI'),
(17,'Jessa Aquino','jessa@gmail.com','Fast approval','Praise',5,'Nice'),
(18,'Ryan Lim','ryan@gmail.com','Okay service','Praise',4,'Good'),
(19,'Trisha Ong','trisha@gmail.com','Helpful','Praise',5,'Thanks'),
(20,'Noel Rivera','noel@gmail.com','Fair process','Praise',4,'Okay');